INSERT INTO porez (naziv,obrisano) VALUES ('Redovan',0);
INSERT INTO porez (naziv,obrisano) VALUES ('Umanjen',0);

INSERT INTO stopa_poreza (datum_vazenja,obrisano,procenat,porez_id) VALUES ('2020-01-01 00:00:00.000',0,20,1);
INSERT INTO stopa_poreza (datum_vazenja,obrisano,procenat,porez_id) VALUES ('2021-01-01 00:00:00.000',0,8,2);

INSERT INTO `mesto` (`id`,`drzava`,`naziv`,`obrisano`,`postanski_broj`) VALUES (1,'Srbija','Ruski Krstur',0,25233);
INSERT INTO `mesto` (`id`,`drzava`,`naziv`,`obrisano`,`postanski_broj`) VALUES (2,'Srbija','Kula',0,25230);
INSERT INTO `mesto` (`id`,`drzava`,`naziv`,`obrisano`,`postanski_broj`) VALUES (3,'Srbija','Novi Sad',0,21000);
INSERT INTO `mesto` (`id`,`drzava`,`naziv`,`obrisano`,`postanski_broj`) VALUES (4,'Srbija','Beograd',0,11000);
INSERT INTO `mesto` (`id`,`drzava`,`naziv`,`obrisano`,`postanski_broj`) VALUES (5,'Srbija','Sremska Mitrovica',0,32000);

INSERT INTO `preduzece` (`id`,`adresa`,`broj_racuna`,`email`,`mb`,`naziv`,`obrisano`,`pib`,`tel`,`mesto_id`) VALUES (1,'Bajči Žilinskog 1','340-1125852651','office@univerexport.rs','765162165','Univerexport doo',0,'1269756','021/4780-125',3);

INSERT INTO poslovna_godina (godina,obrisano,zakljucena) VALUES (2015,0,1);
INSERT INTO poslovna_godina (godina,obrisano,zakljucena) VALUES (2016,0,1);
INSERT INTO poslovna_godina (godina,obrisano,zakljucena) VALUES (2017,0,1);
INSERT INTO poslovna_godina (godina,obrisano,zakljucena) VALUES (2018,0,1);
INSERT INTO poslovna_godina (godina,obrisano,zakljucena) VALUES (2019,0,1);
INSERT INTO poslovna_godina (godina,obrisano,zakljucena) VALUES (2020,0,1);
INSERT INTO poslovna_godina (godina,obrisano,zakljucena) VALUES (2021,0,0);

INSERT INTO grupa (naziv,obrisano,porez_id,preduzece_id, stopaporeza_id) VALUES ('Sokovi',0,1,1,1);
INSERT INTO grupa (naziv,obrisano,porez_id,preduzece_id, stopaporeza_id) VALUES ('Grickalice',0,2,1,1);
INSERT INTO grupa (naziv,obrisano,porez_id,preduzece_id, stopaporeza_id) VALUES ('Konditorski proizvodi',0,2,1,1);
INSERT INTO grupa (naziv,obrisano,porez_id,preduzece_id, stopaporeza_id) VALUES ('Alkoholna pića',0,2,1,1);
INSERT INTO grupa (naziv,obrisano,porez_id,preduzece_id, stopaporeza_id) VALUES ('Kućna hemija',0,2,1,1)
INSERT INTO grupa (naziv,obrisano,porez_id,preduzece_id, stopaporeza_id) VALUES ('Školski i kancelarijski materijal',0,2,1,1);
INSERT INTO grupa (naziv,obrisano,porez_id,preduzece_id, stopaporeza_id) VALUES ('Voće',0,2,1,1);
INSERT INTO grupa (naziv,obrisano,porez_id,preduzece_id, stopaporeza_id) VALUES ('Povrće',0,2,1,1);

INSERT INTO poslovni_partner (pib,mb,adresa,naziv,obrisano,broj_racuna,vrsta_partnera,mesto_id,preduzece_id) VALUES ('52631987','16851358','Radnička 12','Šakan Commerce',0,'240-2151358',1,1,1);
INSERT INTO poslovni_partner (pib,mb,adresa,naziv,obrisano,broj_racuna,vrsta_partnera,mesto_id,preduzece_id) VALUES ('22687413','73516513','Miše Dimitrijevića 4','Basta Promet d.o.o.',0,'340-68681651',1,1,1);
INSERT INTO poslovni_partner (pib,mb,adresa,naziv,obrisano,broj_racuna,vrsta_partnera,mesto_id,preduzece_id) VALUES ('10002593','98131856','Futoški put 67','Stylos Group',0,'150-2626565',1,4,1);
INSERT INTO poslovni_partner (pib,mb,adresa,naziv,obrisano,broj_racuna,vrsta_partnera,mesto_id,preduzece_id) VALUES ('12002277','65110525','Čenejski put 137','Salaš 137',0,'270-5813555',1,1,1);
INSERT INTO poslovni_partner (pib,mb,adresa,naziv,obrisano,broj_racuna,vrsta_partnera,mesto_id,preduzece_id) VALUES ('33256900','78465153','Maršala Tita 111','Soko Štark',0,'350-61835135',1,2,1);
INSERT INTO poslovni_partner (pib,mb,adresa,naziv,obrisano,broj_racuna,vrsta_partnera,mesto_id,preduzece_id) VALUES ('61868168','65135315','Ćirila i Metodija 13','TIAC Group',0,'340-8651613',0,3,1);
INSERT INTO poslovni_partner (pib,mb,adresa,naziv,obrisano,broj_racuna,vrsta_partnera,mesto_id,preduzece_id) VALUES ('46343844','84248465','Bulevar Slobodana Jovanovića 16','M&I Systems Group',0,'340-8651613',0,3,1);
INSERT INTO poslovni_partner (pib,mb,adresa,naziv,obrisano,broj_racuna,vrsta_partnera,mesto_id,preduzece_id) VALUES ('68168162','57130653','Maršala Tita 226B','Nelt Co. doo',0,'355-613541653',1,4,1);

INSERT INTO `roba` (`id`,`jedinica_mere`,`naziv`,`obrisano`,`grupa_id`) VALUES (1,'kom','Coca Cola 2l',0,1);
INSERT INTO `roba` (`id`,`jedinica_mere`,`naziv`,`obrisano`,`grupa_id`) VALUES (2,'kom','Nektar Premium Narandža 1l',0,1);
INSERT INTO `roba` (`id`,`jedinica_mere`,`naziv`,`obrisano`,`grupa_id`) VALUES (3,'kom','Marbo Čips 200g',0,2);
INSERT INTO `roba` (`id`,`jedinica_mere`,`naziv`,`obrisano`,`grupa_id`) VALUES (4,'kom','Marbo Clipsy 40g',0,2);
INSERT INTO `roba` (`id`,`jedinica_mere`,`naziv`,`obrisano`,`grupa_id`) VALUES (5,'kom','Milka Mlečna 95g',0,3);
INSERT INTO `roba` (`id`,`jedinica_mere`,`naziv`,`obrisano`,`grupa_id`) VALUES (6,'kom','Rafaello kuglice 100g',0,3);
INSERT INTO `roba` (`id`,`jedinica_mere`,`naziv`,`obrisano`,`grupa_id`) VALUES (7,'kom','Vinjak 5 1l',0,4);
INSERT INTO `roba` (`id`,`jedinica_mere`,`naziv`,`obrisano`,`grupa_id`) VALUES (8,'kom','Vinjak XO 1l',0,4);
INSERT INTO `roba` (`id`,`jedinica_mere`,`naziv`,`obrisano`,`grupa_id`) VALUES (9,'kom','Fairy Limun 1l',0,5);
INSERT INTO `roba` (`id`,`jedinica_mere`,`naziv`,`obrisano`,`grupa_id`) VALUES (10,'kom','Mr. Proper 750ml',0,5);
INSERT INTO `roba` (`id`,`jedinica_mere`,`naziv`,`obrisano`,`grupa_id`) VALUES (11,'kom','Olovka HB obična',0,6);
INSERT INTO `roba` (`id`,`jedinica_mere`,`naziv`,`obrisano`,`grupa_id`) VALUES (12,'kom','Flomasteri 10kom',0,6);
INSERT INTO `roba` (`id`,`jedinica_mere`,`naziv`,`obrisano`,`grupa_id`) VALUES (13,'kg','Banane',0,7);
INSERT INTO `roba` (`id`,`jedinica_mere`,`naziv`,`obrisano`,`grupa_id`) VALUES (14,'kg','Jabuke',0,7);
INSERT INTO `roba` (`id`,`jedinica_mere`,`naziv`,`obrisano`,`grupa_id`) VALUES (15,'kg','Paradajz',0,8);
INSERT INTO `roba` (`id`,`jedinica_mere`,`naziv`,`obrisano`,`grupa_id`) VALUES (16,'kg','Šargarepa',0,8);

INSERT INTO `cenovnik` (`id`,`datum_vazenja_do`,`datum_vazenja_od`,`obrisano`,`poslovnipartner_id`,`preduzece_id`) VALUES (1,'2020-12-31 01:00:00.000000','2020-01-01 01:00:00.000000',0,NULL,1);
INSERT INTO `cenovnik` (`id`,`datum_vazenja_do`,`datum_vazenja_od`,`obrisano`,`poslovnipartner_id`,`preduzece_id`) VALUES (2,'2021-12-31 01:00:00.000000','2021-01-01 01:00:00.000000',0,NULL,1);
INSERT INTO `cenovnik` (`id`,`datum_vazenja_do`,`datum_vazenja_od`,`obrisano`,`poslovnipartner_id`,`preduzece_id`) VALUES (3,'2021-12-31 01:00:00.000000','2021-01-01 01:00:00.000000',0,2,NULL);
INSERT INTO `cenovnik` (`id`,`datum_vazenja_do`,`datum_vazenja_od`,`obrisano`,`poslovnipartner_id`,`preduzece_id`) VALUES (4,'2021-12-31 01:00:00.000000','2021-01-01 01:00:00.000000',0,3,NULL);
INSERT INTO `cenovnik` (`id`,`datum_vazenja_do`,`datum_vazenja_od`,`obrisano`,`poslovnipartner_id`,`preduzece_id`) VALUES (5,'2021-12-31 01:00:00.000000','2021-01-01 01:00:00.000000',0,4,NULL);
INSERT INTO `cenovnik` (`id`,`datum_vazenja_do`,`datum_vazenja_od`,`obrisano`,`poslovnipartner_id`,`preduzece_id`) VALUES (6,'2021-12-31 01:00:00.000000','2021-01-01 01:00:00.000000',0,5,NULL);
INSERT INTO `cenovnik` (`id`,`datum_vazenja_do`,`datum_vazenja_od`,`obrisano`,`poslovnipartner_id`,`preduzece_id`) VALUES (7,'2021-12-31 01:00:00.000000','2021-01-01 01:00:00.000000',0,8,NULL);
INSERT INTO `cenovnik` (`id`,`datum_vazenja_do`,`datum_vazenja_od`,`obrisano`,`poslovnipartner_id`,`preduzece_id`) VALUES (8,'2020-12-31 01:00:00.000000','2020-01-01 01:00:00.000000',0,8,NULL);
INSERT INTO `cenovnik` (`id`,`datum_vazenja_do`,`datum_vazenja_od`,`obrisano`,`poslovnipartner_id`,`preduzece_id`) VALUES (9,'2020-12-31 01:00:00.000000','2020-01-01 01:00:00.000000',0,5,NULL);
INSERT INTO `cenovnik` (`id`,`datum_vazenja_do`,`datum_vazenja_od`,`obrisano`,`poslovnipartner_id`,`preduzece_id`) VALUES (10,'2020-12-31 01:00:00.000000','2020-01-01 01:00:00.000000',0,4,NULL);
INSERT INTO `cenovnik` (`id`,`datum_vazenja_do`,`datum_vazenja_od`,`obrisano`,`poslovnipartner_id`,`preduzece_id`) VALUES (11,'2020-12-31 01:00:00.000000','2020-01-01 01:00:00.000000',0,3,NULL);
INSERT INTO `cenovnik` (`id`,`datum_vazenja_do`,`datum_vazenja_od`,`obrisano`,`poslovnipartner_id`,`preduzece_id`) VALUES (12,'2020-12-31 01:00:00.000000','2020-01-01 01:00:00.000000',0,2,NULL);

INSERT INTO `stavka_cenovnika` (`id`,`cena`,`obrisano`,`cenovnik_id`,`roba_id`) VALUES (1,89,0,1,1);
INSERT INTO `stavka_cenovnika` (`id`,`cena`,`obrisano`,`cenovnik_id`,`roba_id`) VALUES (2,99,0,2,1);
INSERT INTO `stavka_cenovnika` (`id`,`cena`,`obrisano`,`cenovnik_id`,`roba_id`) VALUES (3,90,0,3,1);
INSERT INTO `stavka_cenovnika` (`id`,`cena`,`obrisano`,`cenovnik_id`,`roba_id`) VALUES (4,80,0,12,1);
INSERT INTO `stavka_cenovnika` (`id`,`cena`,`obrisano`,`cenovnik_id`,`roba_id`) VALUES (5,189.95,0,1,2);
INSERT INTO `stavka_cenovnika` (`id`,`cena`,`obrisano`,`cenovnik_id`,`roba_id`) VALUES (6,195.95,0,2,2);
INSERT INTO `stavka_cenovnika` (`id`,`cena`,`obrisano`,`cenovnik_id`,`roba_id`) VALUES (7,180.95,0,12,2);
INSERT INTO `stavka_cenovnika` (`id`,`cena`,`obrisano`,`cenovnik_id`,`roba_id`) VALUES (8,185.92,0,3,2);
INSERT INTO `stavka_cenovnika` (`id`,`cena`,`obrisano`,`cenovnik_id`,`roba_id`) VALUES (9,80,0,9,3);
INSERT INTO `stavka_cenovnika` (`id`,`cena`,`obrisano`,`cenovnik_id`,`roba_id`) VALUES (10,89,0,6,3);
INSERT INTO `stavka_cenovnika` (`id`,`cena`,`obrisano`,`cenovnik_id`,`roba_id`) VALUES (11,112.95,0,1,3);
INSERT INTO `stavka_cenovnika` (`id`,`cena`,`obrisano`,`cenovnik_id`,`roba_id`) VALUES (12,123.98,0,2,3);
INSERT INTO `stavka_cenovnika` (`id`,`cena`,`obrisano`,`cenovnik_id`,`roba_id`) VALUES (13,23,0,9,4);
INSERT INTO `stavka_cenovnika` (`id`,`cena`,`obrisano`,`cenovnik_id`,`roba_id`) VALUES (14,28,0,6,4);
INSERT INTO `stavka_cenovnika` (`id`,`cena`,`obrisano`,`cenovnik_id`,`roba_id`) VALUES (15,35,0,1,4);
INSERT INTO `stavka_cenovnika` (`id`,`cena`,`obrisano`,`cenovnik_id`,`roba_id`) VALUES (16,39,0,2,4);
INSERT INTO `stavka_cenovnika` (`id`,`cena`,`obrisano`,`cenovnik_id`,`roba_id`) VALUES (18,89.99,0,8,5);
INSERT INTO `stavka_cenovnika` (`id`,`cena`,`obrisano`,`cenovnik_id`,`roba_id`) VALUES (19,94.99,0,8,5);
INSERT INTO `stavka_cenovnika` (`id`,`cena`,`obrisano`,`cenovnik_id`,`roba_id`) VALUES (20,99.99,0,1,5);
INSERT INTO `stavka_cenovnika` (`id`,`cena`,`obrisano`,`cenovnik_id`,`roba_id`) VALUES (21,104.99,0,2,5);
INSERT INTO `stavka_cenovnika` (`id`,`cena`,`obrisano`,`cenovnik_id`,`roba_id`) VALUES (22,320,0,8,6);
INSERT INTO `stavka_cenovnika` (`id`,`cena`,`obrisano`,`cenovnik_id`,`roba_id`) VALUES (23,329,0,7,6);
INSERT INTO `stavka_cenovnika` (`id`,`cena`,`obrisano`,`cenovnik_id`,`roba_id`) VALUES (24,375,0,1,6);
INSERT INTO `stavka_cenovnika` (`id`,`cena`,`obrisano`,`cenovnik_id`,`roba_id`) VALUES (25,389,0,2,6);
INSERT INTO `stavka_cenovnika` (`id`,`cena`,`obrisano`,`cenovnik_id`,`roba_id`) VALUES (26,1119,0,12,7);
INSERT INTO `stavka_cenovnika` (`id`,`cena`,`obrisano`,`cenovnik_id`,`roba_id`) VALUES (27,1149,0,3,7);
INSERT INTO `stavka_cenovnika` (`id`,`cena`,`obrisano`,`cenovnik_id`,`roba_id`) VALUES (28,1230.89,0,1,7);
INSERT INTO `stavka_cenovnika` (`id`,`cena`,`obrisano`,`cenovnik_id`,`roba_id`) VALUES (29,1289.99,0,2,7);
INSERT INTO `stavka_cenovnika` (`id`,`cena`,`obrisano`,`cenovnik_id`,`roba_id`) VALUES (30,3459,0,12,8);
INSERT INTO `stavka_cenovnika` (`id`,`cena`,`obrisano`,`cenovnik_id`,`roba_id`) VALUES (31,3579,0,3,8);
INSERT INTO `stavka_cenovnika` (`id`,`cena`,`obrisano`,`cenovnik_id`,`roba_id`) VALUES (32,3580.13,0,1,8);
INSERT INTO `stavka_cenovnika` (`id`,`cena`,`obrisano`,`cenovnik_id`,`roba_id`) VALUES (33,3680.79,0,2,8);
INSERT INTO `stavka_cenovnika` (`id`,`cena`,`obrisano`,`cenovnik_id`,`roba_id`) VALUES (34,80,0,8,9);
INSERT INTO `stavka_cenovnika` (`id`,`cena`,`obrisano`,`cenovnik_id`,`roba_id`) VALUES (35,85,0,7,9);
INSERT INTO `stavka_cenovnika` (`id`,`cena`,`obrisano`,`cenovnik_id`,`roba_id`) VALUES (36,99.99,0,1,9);
INSERT INTO `stavka_cenovnika` (`id`,`cena`,`obrisano`,`cenovnik_id`,`roba_id`) VALUES (37,109.99,0,2,9);
INSERT INTO `stavka_cenovnika` (`id`,`cena`,`obrisano`,`cenovnik_id`,`roba_id`) VALUES (38,239.95,0,8,10);
INSERT INTO `stavka_cenovnika` (`id`,`cena`,`obrisano`,`cenovnik_id`,`roba_id`) VALUES (39,249.95,0,7,10);
INSERT INTO `stavka_cenovnika` (`id`,`cena`,`obrisano`,`cenovnik_id`,`roba_id`) VALUES (40,279.95,0,1,10);
INSERT INTO `stavka_cenovnika` (`id`,`cena`,`obrisano`,`cenovnik_id`,`roba_id`) VALUES (41,289.95,0,2,10);
INSERT INTO `stavka_cenovnika` (`id`,`cena`,`obrisano`,`cenovnik_id`,`roba_id`) VALUES (42,89,0,11,11);
INSERT INTO `stavka_cenovnika` (`id`,`cena`,`obrisano`,`cenovnik_id`,`roba_id`) VALUES (43,99,0,4,11);
INSERT INTO `stavka_cenovnika` (`id`,`cena`,`obrisano`,`cenovnik_id`,`roba_id`) VALUES (44,102,0,1,11);
INSERT INTO `stavka_cenovnika` (`id`,`cena`,`obrisano`,`cenovnik_id`,`roba_id`) VALUES (45,109.99,0,2,11);
INSERT INTO `stavka_cenovnika` (`id`,`cena`,`obrisano`,`cenovnik_id`,`roba_id`) VALUES (46,150,0,11,12);
INSERT INTO `stavka_cenovnika` (`id`,`cena`,`obrisano`,`cenovnik_id`,`roba_id`) VALUES (47,160,0,4,12);
INSERT INTO `stavka_cenovnika` (`id`,`cena`,`obrisano`,`cenovnik_id`,`roba_id`) VALUES (48,179.95,0,1,12);
INSERT INTO `stavka_cenovnika` (`id`,`cena`,`obrisano`,`cenovnik_id`,`roba_id`) VALUES (49,189.95,0,2,12);
INSERT INTO `stavka_cenovnika` (`id`,`cena`,`obrisano`,`cenovnik_id`,`roba_id`) VALUES (50,80,0,10,13);
INSERT INTO `stavka_cenovnika` (`id`,`cena`,`obrisano`,`cenovnik_id`,`roba_id`) VALUES (51,90,0,5,13);
INSERT INTO `stavka_cenovnika` (`id`,`cena`,`obrisano`,`cenovnik_id`,`roba_id`) VALUES (52,90,0,1,13);
INSERT INTO `stavka_cenovnika` (`id`,`cena`,`obrisano`,`cenovnik_id`,`roba_id`) VALUES (53,100,0,2,13);
INSERT INTO `stavka_cenovnika` (`id`,`cena`,`obrisano`,`cenovnik_id`,`roba_id`) VALUES (54,35,0,10,14);
INSERT INTO `stavka_cenovnika` (`id`,`cena`,`obrisano`,`cenovnik_id`,`roba_id`) VALUES (55,44,0,5,14);
INSERT INTO `stavka_cenovnika` (`id`,`cena`,`obrisano`,`cenovnik_id`,`roba_id`) VALUES (56,45,0,1,14);
INSERT INTO `stavka_cenovnika` (`id`,`cena`,`obrisano`,`cenovnik_id`,`roba_id`) VALUES (57,55,0,2,14);
INSERT INTO `stavka_cenovnika` (`id`,`cena`,`obrisano`,`cenovnik_id`,`roba_id`) VALUES (58,56,0,10,15);
INSERT INTO `stavka_cenovnika` (`id`,`cena`,`obrisano`,`cenovnik_id`,`roba_id`) VALUES (59,64,0,5,15);
INSERT INTO `stavka_cenovnika` (`id`,`cena`,`obrisano`,`cenovnik_id`,`roba_id`) VALUES (60,79,0,1,15);
INSERT INTO `stavka_cenovnika` (`id`,`cena`,`obrisano`,`cenovnik_id`,`roba_id`) VALUES (61,88.99,0,2,15);
INSERT INTO `stavka_cenovnika` (`id`,`cena`,`obrisano`,`cenovnik_id`,`roba_id`) VALUES (62,23,0,10,16);
INSERT INTO `stavka_cenovnika` (`id`,`cena`,`obrisano`,`cenovnik_id`,`roba_id`) VALUES (63,33,0,5,16);
INSERT INTO `stavka_cenovnika` (`id`,`cena`,`obrisano`,`cenovnik_id`,`roba_id`) VALUES (64,43,0,1,16);
INSERT INTO `stavka_cenovnika` (`id`,`cena`,`obrisano`,`cenovnik_id`,`roba_id`) VALUES (65,47,0,2,16);

--INSERT INTO narudzbenica (broj_narudzbenice, datum_narudzbenice, obrisano, tip_narudzbenice, poslovna_godina_id, poslovni_partner_id, preduzece_id) VALUES (1, '2020-11-10 12:37:11.874000', 0, 1, 6, 4, 1);
--INSERT INTO narudzbenica (broj_narudzbenice, datum_narudzbenice, obrisano, tip_narudzbenice, poslovna_godina_id, poslovni_partner_id, preduzece_id) VALUES (5, '2020-11-10 12:37:52.184000', 0, 1, 6, 5, 1);
--INSERT INTO narudzbenica (broj_narudzbenice, datum_narudzbenice, obrisano, tip_narudzbenice, poslovna_godina_id, poslovni_partner_id, preduzece_id) VALUES (5, '2020-11-10 12:38:27.767000', 0, 0, 6, 1, 1);
--INSERT INTO narudzbenica (broj_narudzbenice, datum_narudzbenice, obrisano, tip_narudzbenice, poslovna_godina_id, poslovni_partner_id, preduzece_id) VALUES (5, '2020-11-10 12:38:53.884000', 0, 0, 6, 2, 1);
--INSERT INTO narudzbenica (broj_narudzbenice, datum_narudzbenice, obrisano, tip_narudzbenice, poslovna_godina_id, poslovni_partner_id, preduzece_id) VALUES (5, '2020-12-06 12:48:09.985000', 0, 1, 6, 4, 1);
--INSERT INTO narudzbenica (broj_narudzbenice, datum_narudzbenice, obrisano, tip_narudzbenice, poslovna_godina_id, poslovni_partner_id, preduzece_id) VALUES (5, '2020-12-06 13:07:29.449000', 0, 0, 6, 3, 1);
--
--INSERT INTO stavka_narudzbenice (jedinica_mere, kolicina, obrisano, opis, narudzbenica_id, roba_id) VALUES ('komad', 200, 0, 'Cips 150g', 1, 15);
--INSERT INTO stavka_narudzbenice (jedinica_mere, kolicina, obrisano, opis, narudzbenica_id, roba_id) VALUES ('komad', 30, 0, 'Dove cvrsti sapun 100g', 1, 8);
--INSERT INTO stavka_narudzbenice (jedinica_mere, kolicina, obrisano, opis, narudzbenica_id, roba_id) VALUES ('komad', 20, 0, 'Kese za smece 120l', 1, 10); 	
--INSERT INTO stavka_narudzbenice (jedinica_mere, kolicina, obrisano, opis, narudzbenica_id, roba_id) VALUES ('komad', 30, 0, 'Sundjer za sudove 6kom', 1, 11);
--INSERT INTO stavka_narudzbenice (jedinica_mere, kolicina, obrisano, opis, narudzbenica_id, roba_id) VALUES ('komad', 30, 0, 'Toalet Papir', 2, 9);
--INSERT INTO stavka_narudzbenice (jedinica_mere, kolicina, obrisano, opis, narudzbenica_id, roba_id) VALUES ('komad', 100, 0, 'Kese za smece 120l', 2, 10);
--INSERT INTO stavka_narudzbenice (jedinica_mere, kolicina, obrisano, opis, narudzbenica_id, roba_id) VALUES ('komad', 40, 0, 'Pedigree hrana za pse', 3, 5);
--INSERT INTO stavka_narudzbenice (jedinica_mere, kolicina, obrisano, opis, narudzbenica_id, roba_id) VALUES ('komad', 40, 0, 'Viski Jameson', 3, 3);
--INSERT INTO stavka_narudzbenice (jedinica_mere, kolicina, obrisano, opis, narudzbenica_id, roba_id) VALUES ('komad', 100, 0, 'Fanta 1.5l', 4, 4);
--INSERT INTO stavka_narudzbenice (jedinica_mere, kolicina, obrisano, opis, narudzbenica_id, roba_id) VALUES ('komad', 200, 0, 'Pedigree dentaastix', 4, 6);
--INSERT INTO stavka_narudzbenice (jedinica_mere, kolicina, obrisano, opis, narudzbenica_id, roba_id) VALUES ('komad', 100, 0, 'Dove cvrsti sapun 100g', 5, 8);
--INSERT INTO stavka_narudzbenice (jedinica_mere, kolicina, obrisano, opis, narudzbenica_id, roba_id) VALUES ('komad', 50, 0, 'Sundjer za sudove 6kom', 5, 11);
--INSERT INTO stavka_narudzbenice (jedinica_mere, kolicina, obrisano, opis, narudzbenica_id, roba_id) VALUES ('komad', 50, 0, 'Cips 150g', 5, 15);
--INSERT INTO stavka_narudzbenice (jedinica_mere, kolicina, obrisano, opis, narudzbenica_id, roba_id) VALUES ('komad', 50, 0, 'Sundjer za sudove 6kom', 6, 11);
--INSERT INTO stavka_narudzbenice (jedinica_mere, kolicina, obrisano, opis, narudzbenica_id, roba_id) VALUES ('komad', 50, 0, 'Toalet Papir', 6, 9);
--
--
--
